"User Id","User Login Name",Email,"Reputation Points","User Full Name"
721,ahmadidris,Ahmad.Idris@fakegmail.com,1,"ahmad idris"
756,akionegishi,Akio.Negishi@fakegmail.com,1,"Akio Negishi"
725,alanmaguire,Alan.Maguire@fakegmail.com,1,"Alan Maguire"
677,alejandrobailleres,Alejandro.Bailleres@fakegmail.com,1,"Alejandro Bailleres"
751,alexandermoczarski,Alexander.Moczarski@fakegmail.com,1,"Alexander Moczarski"
800,alexanderwynaendts,Alexander.Wynaendts@fakegmail.com,1,"Alexander Wynaendts"
652,alexlucas,marothipiyush21@gmail.com,11,"Alex Lucas"
604,alicevaidyan,ratnesh3rde@gmail.com,1,"Alice Vaidyan"
553,amanchowla,Aman.Chowla@fakegmail.com,1,"Aman Chowla"
605,amirabdulwahab,Amir.Wahab@fakegmail.com,1,"Amir Wahab"
814,andersmalmstrom,Anders.Malmstrom@fakegmail.com,1,"Anders Malmstrom"
678,andreasberger,Andreas.Berger@fakegmail.com,1,"Andreas Berger"
767,anilpuri,marothipiyush24@gmail.com,1,"Anil Puri"
720,antoniomejias,Antonio.Mejias@fakegmail.com,1,"Antonio Mejias"
732,anyakutsina,Anya.Kutsina@fakegmail.com,1,"Anya Kutsina"
674,ariasrecaredo,Arias.Recaredo@fakegmail.com,1,"Arias Recaredo"
614,barryhurd,Barry.Hurd@fakegmail.com,1,"Barry Hurd"
816,barrystowe,Barry.Stowe@fakegmail.com,1,"Barry Stowe"
768,bartonholl,Barton.Holl@fakegmail.com,1,"Barton Holl"
807,bernhardfink,Bernhard.Fink@fakegmail.com,1,"Bernhard Fink"
692,bhargavdasgupta,Bhargav.Dasgupta@fakegmail.com,1,"Bhargav Dasgupta"
554,billchurney,Bill.Churney@fakegmail.com,1,"Bill Churney"
593,billpieroni,Bill.Pieroni@fakegmail.com,1,"Bill Pieroni"
559,bobcummings,Bob.Cummings@fakegmail.com,1,"Bob Cummings"
724,bogdandumitrescu,Bogdan.Dumitrescu@fakegmail.com,1,"Bogdan Dumitrescu"
706,bomatoby,Boma.Toby@fakegmail.com,1,"Boma Toby"
574,bradkading,Brad.Kading@fakegmail.com,1,"Brad Kading"
817,brandonsweitzer,Brandon.Sweitzer@fakegmail.com,1,"Brandon Sweitzer"
686,brettclark,Brett.Clark@fakegmail.com,1,"Brett Clark"
562,brianduperreault,Brian.Duperreault@fakegmail.com,1,"Brian Duperreault"
615,brucesanford,Bruce.Sanford@fakegmail.com,1,"Bruce Sanford"
795,brucewinterhof,Bruce.Winterhof@fakegmail.com,1,"Bruce Winterhof"
566,carolinegilbertson,Caroline.Gilbertson@fakegmail.com,1,"Caroline Gilbertson"
616,chadfulgham,Chad.Fulgham@fakegmail.com,1,"Chad Fulgham"
784,chaisophonpanich,Chai.Sophonpanich@fakegmail.com,1,"Chai Sophonpanich"
667,chakibabouzaid,Chakib.Abouzaid@fakegmail.com,1,"Chakib Abouzaid"
780,chang-jaeshin,Chang-Jae.Shin@fakegmail.com,1,"Chang-Jae Shin"
783,changkim,Chang.Kim@fakegmail.com,1,"Chang Kim"
802,cheng-tuiyang,Cheng-Tui.Yang@fakegmail.com,1,"Cheng-Tui Yang"
610,chriswei,Chris.Wei@fakegmail.com,1,"Chris Wei"
563,cindyforbes,Cindy.Forbes@fakegmail.com,1,"Cindy Forbes"
557,claudiorobertocontador,Claudio.Contador@fakegmail.com,1,"Claudio Contador"
654,clemensphilippi,Clemens.Philippi@fakegmail.com,1,"Clemens Philippi"
818,cliveconnell,Clive.Connell@fakegmail.com,1,"Clive Connell"
581,colinlight,Colin.Light@fakegmail.com,1,"Colin Light"
632,colleenmckennatucker,Colleen.McKenna-Tucker@fakegmail.com,1,"Colleen McKenna-Tucker"
650,constantinedinos,Unverified.ITSecurityGuy@fakegmail.com,1,"Unverified IT Security Guy"
742,constantinelordanou,Constantine.lordanou@fakegmail.com,1,"Constantine lordanou"
617,danielgarrie,Daniel.Garrie@fakegmail.com,1,"Daniel Garrie"
649,danielhouston,Daniel.Houston@fakegmail.com,1,"Daniel Houston"
542,davejones,Dave.Jones@fakegmail.com,9,"davejones "
618,davidbateman,David.Bateman@fakegmail.com,1,"David Bateman"
619,daviddewalt,David.DeWalt@fakegmail.com,1,"David DeWalt"
560,daviddias,David.Dias@fakegmail.com,1,"David Dias"
565,davidfried,David.Fried@fakegmail.com,1,"David Fried"
569,davidho,David.Ho@fakegmail.com,1,"David Ho"
583,davidlomas,David.Lomas@fakegmail.com,1,"David Lomas"
713,davidlong,David.Long@fakegmail.com,1,"David Long"
746,davidmarlett,David.Marlett@fakegmail.com,1,"David Marlett"
594,davidpiesse,David.Piesse@fakegmail.com,1,"David Piesse"
804,davidzwiener,David.Zwiener@fakegmail.com,1,"David Zwiener"
663,deanconnor,Dean.Connor@fakegmail.com,1,"Dean Connor"
730,deniskessler,Denis.Kessler@fakegmail.com,1,"Denis Kessler"
712,dennislalor,Dennis.Lalor@fakegmail.com,1,"Dennis Lalor"
685,dominicchristian,Dominic.Christian@fakegmail.com,1,"Dominic Christian"
648,donalcorcoran,Dnal.Corcoran@fakegmail.com,1," Corcoran"
576,donnakinnaird,Donna.Kinnaird@fakegmail.com,1,"Donna Kinnaird"
653,donnapeeples,Donna.Peeples@fakegmail.com,1,"Donna Peeples"
693,eduardodorado,Eduardo.Dorado@fakegmail.com,1,"Eduardo Dorado"
137,el1,TestUser1@venlogic.net,10,"el1 Kir2"
124,el2,TestUser2@venlogic.net,60,"el2 "
125,el3,abcTest@venlogic.com,56,"el3 el3"
791,ellenthrower,Ellen.Thrower@fakegmail.com,1,"Ellen Thrower"
555,emmanuelclarke,Emmanuel.Clarke@fakegmail.com,1,"Emmanuel Clarke"
704,ettibaranoff,Etti.Baranoff@fakegmail.com,1,"Etti Baranoff"
705,evangreenberg,Evan.Greenberg@fakegmail.com,1,"Evan Greenberg"
596,evelinapietruschka,Evelina.Pietruschka@fakegmail.com,1,"Evelina Pietruschka"
682,faridchedid,Farid.Chedid@fakegmail.com,1,"Farid Chedid"
729,fatailawal,Fatai.Lawal@fakegmail.com,1,"Fatai Lawal"
759,femioyetunji,Femi.Oyetunji@fakegmail.com,1,"Femi Oyetunji"
620,ferencszelenyi,Ferenc.Szelenyi@fakegmail.com,1,"Ferenc Szelenyi"
668,fetoohzayani,Fetooh.Zayani@fakegmail.com,1,"Fetooh Zayani"
546,franckbaron,Franck.Baron@fakegmail.com,18,"Franck Baron"
801,franssahusilawane,Frans.Sahusilawane@fakegmail.com,1,"Frans Sahusilawane"
613,franzjosephhahn,Franz-Josef.Hahn@fakegmail.com,1,"Franz-Josef Hahn"
794,fredericktravis,Frederick.Travis@fakegmail.com,1,"Frederick Travis"
728,fu-yuankao,Fu-Yuan.Kao@fakegmail.com,1,"Fu-Yuan Kao"
690,garycomerford,Gary.Comerford@fakegmail.com,1,"Gary Comerford"
655,garyreader,Gary.Reader@fakegmail.com,1,"Gary Reader"
621,georgeflynn,George.Flynn@fakegmail.com,1,"George Flynn"
622,georgeharrison,George.Harrison@fakegmail.com,1,"George Harrison"
696,georgethomas,George.Thomas@fakegmail.com,1,"George Thomas"
623,geraldferguson,Gerald.Ferguson@fakegmail.com,1,"Gerald Ferguson"
727,ghaziabunahl,Ghazi.AbuNahl@fakegmail.com,1,"Ghazi Abu Nahl"
681,gregcarter,Greg.Carter@fakegmail.com,1,"Greg Carter"
585,gregmaciag,Greg.Maciag@fakegmail.com,1,"Greg Maciag"
611,greigwoodring,Greig.Woodring@fakegmail.com,1,"Greig Woodring"
797,guswiggle,Gus.Wiggle@fakegmail.com,1,"Gus Wiggle"
564,guyfraker,Guy.Fraker@fakegmail.com,1,"Guy Fraker"
679,hansbuehlmann,Hans.Buehlmann@fakegmail.com,1,"Hans Buehlmann"
790,hansthomas,Hans.Thomas@fakegmail.com,1,"Hans Thomas"
691,haroldskipperjr.,Harold.SkipperJr.@fakegmail.com,1,"Harold Skipper, Jr."
776,harrisschlesinger,Harris.Schlesinger@fakegmail.com,1,"Harris Schlesinger"
644,harryraduege,Harry.Raduege@fakegmail.com,1,"Harry Raduege"
796,henrywatkins,Henry.Watkins@fakegmail.com,1,"Henry Watkins"
737,hongmulee,Hongmu.Lee@fakegmail.com,1,"Hongmu Lee"
646,howardkunreuther,Howard.Kunreuther@fakegmail.com,1,"Howard Kunreuther"
782,howardsmith,Howard.Smith@fakegmail.com,1,"Howard Smith"
750,hsiungming-ho,Ming-Ho.Hsiung@fakegmail.com,1,"Ming-Ho Hsiung"
684,hsiungtsai,Hsiung.Tsai@fakegmail.com,1,"Hsiung Tsai"
547,ianbrimecome,Ian.Brimecome@fakegmail.com,1,"Ian Brimecome"
831,iistestusernew,iistesttuserr@gmail.com,1,"testpfirst testpsecond"
645,ingabeale,Inga.Beale@fakegmail.com,1,"Inga Beale"
673,ittapiraktivong,Itt.Apiraktivong@fakegmail.com,1,"Itt Apiraktivong"
701,j.smith,Eric.Smith@fakegmail.com,1,"Eric Smith"
671,jagathalwis,Jagath.Alwis@fakegmail.com,1,"Jagath Alwis"
586,jamesmaudsley,James.Maudsley@fakegmail.com,1,"James Maudsley"
744,jamesmichener,James.Michener@fakegmail.com,1,"James Michener"
770,jamesminto,James.Minto@fakegmail.com,1,"James Minto"
659,jamesvickers,James.Vickers@fakegmail.com,1,"James Vickers"
567,jayantaguin,Jayanta.Guin@fakegmail.com,1,"Jayanta Guin"
666,jean-paullouisot,Jean-Paul.Louisot@fakegmail.com,1,"Jean-Paul Louisot"
688,jeancloutier,Jean.Cloutier@fakegmail.com,1,"Jean Cloutier"
579,jeankwon,W.Jean.Kwon@fakegmail.com,1,"W. Jean Kwon"
734,jerzylancucki,Jerzy.Lancucki@fakegmail.com,1,"Jerzy Lancucki"
651,joanlammtennant,Joan.Lamm-Tennant@fakegmail.com,1,"Joan Lamm-Tennant"
548,joannebuckle,Joanne.Buckle@fakegmail.com,1,"Joanne Buckle"
787,joanschmit,Joan.Schmit@fakegmail.com,1,"Joan Schmit"
624,joelgendleman,Joel.Gendleman@fakegmail.com,1,"Joel Gendleman"
718,joezou,Joe.Zou@fakegmail.com,1,"Joe Zou"
625,johnconvery,John.Convery@fakegmail.com,1,"John Convery"
755,johnneal,John.Neal@fakegmail.com,1,"John Neal"
766,johnpruitt,John.Pruitt@fakegmail.com,1,"John Pruitt"
695,jonathanmichael,Jonathan.Michael@fakegmail.com,1,"Jonathan Michael"
710,josephguastella,Joseph.Guastella@fakegmail.com,1,"Joseph Guastella"
597,joseribeiro,Jose.Ribeiro@fakegmail.com,1,"Jose Ribeiro"
813,joshualandau,Joshua.Landau@fakegmail.com,1,"Joshua Landau"
762,joycephillips,Joyce.Phillips@fakegmail.com,1,"Joyce Phillips"
740,julianlipman,Julian.Lipman@fakegmail.com,1,"Julian Lipman"
626,kajahlmann,Kaj.Ahlmann@fakegmail.com,1,"Kaj Ahlmann"
658,kamillasvajgl,Kamilla.Svajgl@fakegmail.com,1,"Kamilla Svajgl"
700,karenepermanis,Karen.Epermanis@fakegmail.com,1,"Karen Epermanis"
627,karlpedersen,Karl.Pedersen@fakegmail.com,1,"Karl Pedersen"
774,katsutoshisaito,Katsutoshi.Saito@fakegmail.com,1,"Katsutoshi Saito"
590,kenmungan,Ken.Mungan@fakegmail.com,1,"Ken Mungan"
628,kevinkeegan,Kevin.Keegan@fakegmail.com,1,"Kevin Keegan"
745,khalidmughesib,Khalid.Mughesib@fakegmail.com,1,"Khalid Mughesib"
798,klausmiller,Klaus.Miller@fakegmail.com,1,"Klaus Miller"
765,klimepoposki,Klime.Poposki@fakegmail.com,1,"Klime Poposki"
687,krissiii,Kriss.Cloninger@fakegmail.com,1,"Kriss Cloninger"
629,laughtonsherman,Laughton.Sherman@fakegmail.com,1,"Laughton Sherman"
789,laurenpollock,Lauren.Pollock@fakegmail.com,1,"Lauren Pollock"
588,lawrencemorgan,Lawrence.Morgan@fakegmail.com,1,"Lawrence Morgan"
764,lawrencepistell,Lawrence.Pistell@fakegmail.com,1,"Lawrence Pistell"
781,lawrencepowell,Lawrence.Powell@fakegmail.com,1,"Lawrence Powell"
792,lkuouno,lkuo.Uno@fakegmail.com,1,"lkuo Uno"
775,lorenzosavarelli,Lorenzo.Savarelli@fakegmail.com,1,"Lorenzo Savarelli"
810,lorenzosavorelli,Lorenzo.Savorelli@fakegmail.com,1,"Lorenzo Savorelli"
707,lovemoregomera,Lovemore.Gomera@fakegmail.com,1,"Lovemore Gomera"
675,ludgerarnoldussen,Ludger.Arnoldussen@fakegmail.com,1,"Ludger Arnoldussen"
698,luisvaldes,Luis.Valdes@fakegmail.com,1,"Luis Valdes"
739,luvivienne,Lu.Vivienne@fakegmail.com,1,"Lu Vivienne"
752,m.porat,M..Porat@fakegmail.com,1,"M. Porat"
2,maheshkumar,cws.indore@gmail.com,88,"maheshkumar "
592,makotookubo,Makoto.Okubo@fakegmail.com,1,"Makoto Okubo"
600,malcolmsteingold,Malcolm.Steingold@fakegmail.com,1,"Malcolm Steingold"
760,manfredstraube,Manfred.Straube@fakegmail.com,1,"Manfred Straube"
736,manglee,Grace.Lee@fakegmail.com,1,"Grace Lee"
672,marcorossi,Marco.Rossi@fakegmail.com,1,"Marco Rossi"
572,markinkster,Mark.Inkster@fakegmail.com,1,"Mark Inkster"
598,marksaunders,Mark.Saunders@fakegmail.com,1,"Mark Saunders"
697,marktucker,Mark.Tucker@fakegmail.com,1,"Mark Tucker"
608,markwang,Mark.Wang@fakegmail.com,1,"Mark Wang"
699,markwatson,Mark.Watson@fakegmail.com,1,"Mark Watson"
630,martinellingsworth,Martin.Ellingsworth@fakegmail.com,1,"Martin Ellingsworth"
631,maryjodale,MaryJo.Dale@fakegmail.com,1,"MaryJo Dale"
602,marytrussell,Mary.Trussell@fakegmail.com,1,"Mary Trussell"
717,masahirohashimoto,Masahiro.Hashimoto@fakegmail.com,1,"Masahiro Hashimoto"
753,matthewmosher,Matthew.Mosher@fakegmail.com,1,"Matthew Mosher"
702,meredithevans,Meredith.Evans@fakegmail.com,1,"Meredith Evans"
544,michaeladams,Michael.Adams@fakegmail.com,9,"Michael Adams"
769,michaelhubbel,Michael.Hubbel@fakegmail.com,1,"Michael Hubbel"
703,michaelmagsig,Michael.Magsig@fakegmail.com,1,"Michael Magsig"
748,michaelmcgavick,Michael.McGavIck@fakegmail.com,1,"Michael McGavIck"
589,michaelmorrissey,Michael.Morrissey@fakegmail.com,1,"Michael Morrissey"
633,michaelpedraja,Michael.Pedraja@fakegmail.com,1,"Michael Pedraja"
763,michaelpickel,Michael.Pickel@fakegmail.com,1,"Michael Pickel"
771,michaelpowers,Michael.Powers@fakegmail.com,1,"Michael Powers"
815,michaelpritula,Michael.Pritula@fakegmail.com,1,"Michael Pritula"
779,michaelsherris,Michael.Sherris@fakegmail.com,1,"Michael Sherris"
803,michaelzuckerman,Michael.Zuckerman@fakegmail.com,1,"Michael Zuckerman"
634,millsdavis,Mills.Davis@fakegmail.com,1,"Mills Davis"
799,ming-yangwu,Ming-Yang.Wu@fakegmail.com,1,"Ming-Yang Wu"
661,namchang,Nam.Chang@fakegmail.com,1,"Nam Chang"
578,nanakuo,Nana.Kuo@fakegmail.com,1,"Nana Kuo"
738,nanngyallhendup,Nanngyal.Lhendup@fakegmail.com,1,"Nanngyal Lhendup"
669,nasseralabdulkareem,Nasser.Alabdulkareem@fakegmail.com,1,"Nasser Alabdulkareem"
573,niharjangle,Nihar.Jangle@fakegmail.com,1,"Nihar Jangle"
676,oluwoleoshin,Oluwole.Oshin@fakegmail.com,1,"Oluwole Oshin"
571,pamelahurley,Pamela.Hurley@fakegmail.com,1,"Pamela Hurley"
711,patriciaborn,Patricia.Born@fakegmail.com,1,"Patricia Born"
812,patriciatriciaguinn,Patricia.Guinn@fakegmail.com,1,"Patricia Guinn"
549,paulcarroll,Paul.Carroll@fakegmail.com,1,"Paul Carroll"
719,paulhsu,Paul.Hsu@fakegmail.com,1,"Paul Hsu"
665,pauljardine,Paul.Jardine@fakegmail.com,1,"Paul Jardine"
582,paullittle,Paul.Little@fakegmail.com,1,"Paul Little"
757,paulnitsou,Paul.Nitsou@fakegmail.com,1,"Paul Nitsou"
551,petercashin,Peter.Cashin@fakegmail.com,1,"Peter Cashin"
568,peterhacker,Peter.Hacker@fakegmail.com,1,"Peter Hacker"
708,philippegregoire,Philippe.Gregoire@fakegmail.com,1,"Philippe Gregoire"
856,piyutest123,piyutest123@gmail.com,1,"piyutest123 piyutest123"
793,poyyalevenugopal,Poyyale.Venugopal@fakegmail.com,1,"Poyyale Venugopal"
855,praveenrathore,praveen.rathore@venlogic.com,1,"Praveen Rathore"
809,qixiangsun,Qixiang.Sun@fakegmail.com,1,"Qixiang Sun"
754,ralphmucerino,Ralph.Mucerino@fakegmail.com,1,"Ralph Mucerino"
694,randydumm,Randy.Dumm@fakegmail.com,1,"Randy Dumm"
612,raphaelyoung,Raphael.Young@fakegmail.com,1,"Raphael Young"
683,raychen,Ray.Chen@fakegmail.com,1,"Ray Chen"
545,richardausten,Richard.Austen@fakegmail.com,7,"Richard Austen"
689,richardcoffman,Richard.Coffman@fakegmail.com,1,"Richard Coffman"
723,richardcohen,Richard.Cohen@fakegmail.com,1,"Richard Cohen"
635,richelthall,Ric.Helthall@fakegmail.com,1,"Ric Helthall"
636,rickbetterley,Rick.Betterley@fakegmail.com,1,"Rick Betterley"
637,robertaanderson,Roberta.Anderson@fakegmail.com,1,"Roberta Anderson"
643,robertcallahan,Robert.Callahan@fakegmail.com,1,"Robert Callahan"
543,robertkruse,Robert.Kruse@fakegmail.com,7,"Robert Kruse"
758,robertotto,Robert.Otto@fakegmail.com,1,"Robert Otto"
570,robhoyt,Rob.Hoyt@fakegmail.com,1,"Rob Hoyt"
778,rogersellek,Roger.Sellek@fakegmail.com,1,"Roger Sellek"
577,rosalinechowkoo,Rosaline.Koo@fakegmail.com,1,"Rosaline Koo"
561,rowandouglas,Rowan.Douglas@fakegmail.com,1,"Rowan Douglas"
749,roymeng,Roy.Meng@fakegmail.com,1,"Roy Meng"
656,saurabhverma,Saurabh.Verma@fakegmail.com,1,"Saurabh Verma"
638,scottkarren,Scott.Karren@fakegmail.com,1,"Scott Karren"
606,scottwalchek,Scott.Walchek@fakegmail.com,1,"Scott Walchek"
731,seankevelighan,Sean.Kevelighan@fakegmail.com,1,"Sean Kevelighan"
556,sharonclarke,Sharon.Clarke@fakegmail.com,1,"Sharon Clarke"
558,shauncrawford,Shaun.Crawford@fakegmail.com,1,"Shaun Crawford"
788,shauntarbuck,Shaun.Tarbuck@fakegmail.com,1,"Shaun Tarbuck"
609,shaunwang,Shaun.Wang@fakegmail.com,1,"Shaun Wang"
716,shinichihara,Shinichi.Hara@fakegmail.com,1,"Shinichi Hara"
785,sivamsubramaniam,Sivam.Subramaniam@fakegmail.com,1,"sivamsubramaniam "
735,soolee,Soo.Lee@fakegmail.com,1,"Soo Lee"
587,sopmnendumohanty,Sopmnendu.Mohanty@fakegmail.com,1,"Sopmnendu Mohanty"
664,stanleygalanski,Stanley.Galanski@fakegmail.com,1,"Stanley Galanski"
680,stanleynwogu,Stanley.Nwogu@fakegmail.com,1,"Stanley Nwogu"
747,stefanmaterne,Stefan.Materne@fakegmail.com,1,"Stefan Materne"
550,stephencatlin,Stephen.Catlin@fakegmail.com,1,"Stephen Catlin"
591,stephenohearn,Stephen.O'Hearn@fakegmail.com,1,"Stephen O'Hearn"
761,stephenpackard,Stephen.Packard@fakegmail.com,1,"Stephen Packard"
811,stevechen,Steve.Chen@fakegmail.com,1,"Steve Chen"
639,stevehamby,Steve.Hamby@fakegmail.com,1,"Steve Hamby"
580,steveleonard,Steve.Leonard@fakegmail.com,1,"Steve Leonard"
722,stevenbensinger,Steven.Bensinger@fakegmail.com,1,"Steven Bensinger"
603,stevetunstall,Steve.Tunstall@fakegmail.com,1,"Steve Tunstall"
552,supapornchatchaisaeng,Supaporn.Chatchaisaeng@fakegmail.com,1,"Supaporn Chatchaisaeng"
657,suzyscanlon,Suzy.Scanlon@fakegmail.com,1,"Suzy Scanlon"
806,takeoinokuchi,Takeo.Inokuchi@fakegmail.com,1,"Takeo Inokuchi"
741,takeolnokuchi,Takeo.lnokuchi@fakegmail.com,1,"Takeo lnokuchi"
786,tanchieh,Tan.Chieh@fakegmail.com,1,"Tan Chieh"
845,test0110,test0110@test.com,1," "
852,test08,test08@test.com,1,"Test08 test0888"
847,test31555,test123654@gmail.com,1," "
820,testbuyer1,test-buyer1@test.com,1,"testbuyer1 "
853,testdemo12,testdemo12@testdemo12.com,1," "
836,testfor3,testfor3@gmail.com,1,"testfor3 testfor322"
822,testmedia1,test-media1@test.com,1,"testmedia1 "
821,testseller1,test-seller1@test.com,1,"testseller1 "
599,tharmanshanmugaratnam,Tharman.Shanmugaratnam@fakegmail.com,1,"Tharman Shanmugaratnam"
640,theodorekobus,Theodore.Kobus@fakegmail.com,1,"Theodore Kobus"
662,theresevaughan,Therese.Vaughan@fakegmail.com,1,"Therese Vaughan"
641,thomascellucci,Thomas.Cellucci@fakegmail.com,1,"Thomas Cellucci"
575,thomaskessler,Thomas.Kessler@fakegmail.com,1,"Thomas Kessler"
601,timthomas,Tim.Thomas@fakegmail.com,1,"Tim Thomas"
777,toiseejong,Toi.Jong@fakegmail.com,1,"Toi Jong"
584,tomludescher,Tom.Ludescher@fakegmail.com,1,"Tom Ludescher"
647,tonycheng,Tony.Cheng@fakegmail.com,1,"Tony Cheng"
607,ulrichwallin,Ulrich.Wallin@fakegmail.com,1,"Ulrich Wallin"
642,vikramchauhan,Vikram.Chauhan@fakegmail.com,1,"Vikram Chauhan"
743,weililu,Weili.Lu@fakegmail.com,1,"Weili Lu"
772,wendyshapss,Wendy.Shapss@fakegmail.com,1,"Wendy Shapss"
805,wernerbugl,Werner.Bugl@fakegmail.com,1,"Werner Bugl"
733,williamferguson,William.Ferguson@fakegmail.com,1,"William Ferguson"
714,williamrabel,William.Rabel@fakegmail.com,1,"William Rabel"
715,yansuhao,Yansu.Hao@fakegmail.com,1,"Yansu Hao"
670,yassiralbaharna,Yassir.Albaharna@fakegmail.com,1,"Yassir Albaharna"
726,yehudakahane,Yehuda.Kahane@fakegmail.com,1,"Yehuda Kahane"
709,yishengguan,Yisheng.Guan@fakegmail.com,1,"Yisheng Guan"
857,yogendra,yogendra.solanki@venlogic.com,1,"Yogendra Solanki"
828,yogi1,yogendra3rde@tes12.com,1,"Yogi Raj"
829,yogi2,yogi2@test.com,1,"yogi2 "
830,yogi3,yogi3@test.com,1,"yogi3 "
808,yoshinobutsutsui,Yoshinobu.Tsutsui@fakegmail.com,1,"Yoshinobu Tsutsui"
773,yuliarozhkovskaya,Yulia.Rozhkovskaya@fakegmail.com,1,"Yulia Rozhkovskaya"
660,yutzeng,Joanne.Tzeng@fakegmail.com,1,"Joanne Tzeng"
819,zacharybrown,zack.brown@fakegmail.com,1,"Zack Brown"
595,zachpiester,Zach.Piester@fakegmail.com,1,"Zach Piester"
