"Answer Title","Answer Name","Answer Content","Answer User Id","No Of Comment In Answer","Answer Status"
,this-is-just-a-test-question-for-buyer,"this is my expert answer",1,0,private_post
,testing-question-1,"this is my answer",1,0,publish
,buyer-question-first,"super expert response",1,0,publish
,again-test-for-expert,"this is right answer",1,0,publish
,again-test-for-expert-2,"this is again expert advise",1,0,publish
,again-test-for-expert-3,"this is my answer",1,0,publish
"Which firewall will protect small business from advanced persistent threats (APTs) and malware?",which-firewall-will-protect-small-business-from-advanced-persistent-threats-apts-and-malware,"I will always use Barracuda x50 for security of confidential data",245,0,publish
"Who are the top 10 blockchain companies?",who-are-the-top-10-blockchain-companies,"As far as my knowledge Provenance is first in top ten list of blockchain companies",245,0,publish
"What ongoing audit and compliance obligations are required?",what-ongoing-audit-and-compliance-obligations-are-required,"i understand",546,0,publish
