ID,"First Name","Middle Name","Last Name",Emailid,Company,"Job Title","Yes Vote","No Vote","Total Vote",Description,"Work Experience","Profile Image","Nominated By","Nominee Decision","Admin Override"
21,Yogi,,Singh,yogendra3rde@gmail.com,ThirdEssential,"Web Developer",0,0,0,,,1512565991nmu-bpfull.jpg,"Yogendra Solanki",Pending,yes
19,"Test First","Test Middle","Test Last",testmail@test.com,TestCompany,TestJobProfile,1,0,1,"This is TEST BIO for the nominate New Member in IIS [International Insurance Society]."," (1.) 1st Year Lorem Ipsum Company.  (2.) 2nd Year Lorem Ipsum Company.  (3.) 3rd Year Lorem Ipsum Company.  (4.) 4th Year Lorem Ipsum Company.  (5.) 5th Year Lorem Ipsum Company.  (6.) 6th Year Lorem Ipsum Company.  (7.) 7th Year Lorem Ipsum Company.  (8.) 8th Year Lorem Ipsum Company. ",1510750457nmu-bpfull.jpg,"el3 el3",,no
15,Praveen,,Rathore,praveen.rathore@venlogic.com,"Third Essential IT Solution","Web Developer",0,0,0,"Listed below are the members who nominated and endorsed you.Listed below are the members who nominated and endorsed you.Listed below are the members who nominated and endorsed you.Listed below are the members who nominated and endorsed you.Listed below are the members who nominated and endorsed you."," (1.) 2 years experinace of as a web developer in ABC technology.  (2.) 3 years experinace of as a web developer in Third Essential Technology. ",,"el3 el3","Not Accepted",no
14,Rock,,singh,rock@test.com,"Media expert frame","Media Expers",0,0,0,"Rock is a very good person",,,"maheshkumar ","Not Accepted",no
11,demo13,singh,test,yogendra3rde@gmail.com,"IIS 2",CEO,2,1,3,"Rizwan heads up the insurance business in Retail Markets and is responsible for leading our efforts to modernize the insurance industry in Canada. He oversees our pricing, product, underwriting, sales and project teams. His management team is committed to ensuring Manulife is the #1 choice in the advisor market through:Leading the modernization of Insurance in Canada,Finding new ways to engage Canadians through health and wellness programs like VitalityImproving the buying-selling process for customers and advisors Rizwan started his career at one of Canada’s largest banks which included roles in mutual fund sales, product management and strategy. He joined Manulife in 2007 and has worked in our group savings, affinity, and banking businesses. Before joining the Retail Markets management team in 2013, Rizwan led Manulife Bank\'s advertising, strategic planning, communications and product development activities as the VP of Product and Marketing. Rizwan is a family man and spends his off time trying to wrangle his four young children. He has a recently developed passion for skiing, enjoys hiking and once dreamt of making the NBA. When that didn’t pan out, he earned a Master’s Degree in Business Administration (Financial Services) from Dalhousie University. He also has a Bachelor of Commerce (Management Economics) from the University of Guelph and is a Chartered Financial Analyst (CFA)."," (1.) 5 years experience in research.  (2.) 5 years experience in marketing. ",,"Yogendra Solanki","Not Accepted",no
6,nomineefirst,nomineemiddle,nomineesecond,piyush.marothi@venlogic.com,"test company","test job title",4,0,4,"Rizwan heads up the insurance business in Retail Markets and is responsible for leading our efforts to modernize the insurance industry in Canada. He oversees our pricing, product, underwriting, sales and project teams. His management team is committed to ensuring Manulife is the #1 choice in the advisor market through:Leading the modernization of Insurance in Canada,Finding new ways to engage Canadians through health and wellness programs like VitalityImproving the buying-selling process for customers and advisors Rizwan started his career at one of Canada’s largest banks which included roles in mutual fund sales, product management and strategy. He joined Manulife in 2007 and has worked in our group savings, affinity, and banking businesses. Before joining the Retail Markets management team in 2013, Rizwan led Manulife Bank\'s advertising, strategic planning, communications and product development activities as the VP of Product and Marketing. Rizwan is a family man and spends his off time trying to wrangle his four young children. He has a recently developed passion for skiing, enjoys hiking and once dreamt of making the NBA. When that didn’t pan out, he earned a Master’s Degree in Business Administration (Financial Services) from Dalhousie University. He also has a Bachelor of Commerce (Management Economics) from the University of Guelph and is a Chartered Financial Analyst (CFA).",,,"Alex Lucas",Accepted,no
4,Kevin,,Brown,kavin.brown@fakemail.com,"Manulife Financial Corp.","Junior Analyst",3,0,3,"Rizwan heads up the insurance business in Retail Markets and is responsible for leading our efforts to modernize the insurance industry in Canada. He oversees our pricing, product, underwriting, sales and project teams. His management team is committed to ensuring Manulife is the #1 choice in the advisor market through:Leading the modernization of Insurance in Canada,Finding new ways to engage Canadians through health and wellness programs like VitalityImproving the buying-selling process for customers and advisors Rizwan started his career at one of Canada’s largest banks which included roles in mutual fund sales, product management and strategy. He joined Manulife in 2007 and has worked in our group savings, affinity, and banking businesses. Before joining the Retail Markets management team in 2013, Rizwan led Manulife Bank\'s advertising, strategic planning, communications and product development activities as the VP of Product and Marketing. Rizwan is a family man and spends his off time trying to wrangle his four young children. He has a recently developed passion for skiing, enjoys hiking and once dreamt of making the NBA. When that didn’t pan out, he earned a Master’s Degree in Business Administration (Financial Services) from Dalhousie University. He also has a Bachelor of Commerce (Management Economics) from the University of Guelph and is a Chartered Financial Analyst (CFA).",,,,"Not Accepted",no
2,Rizwan,,Khan,khan12.rizwan@gmail.com,"Manulife Financial Corp","Junior Analysist",2,1,3,"Rizwan heads up the insurance business in Retail Markets and is responsible for leading our efforts to modernize the insurance industry in Canada. He oversees our pricing, product, underwriting, sales and project teams. His management team is committed to ensuring Manulife is the #1 choice in the advisor market through:Leading the modernization of Insurance in Canada,Finding new ways to engage Canadians through health and wellness programs like VitalityImproving the buying-selling process for customers and advisors Rizwan started his career at one of Canada’s largest banks which included roles in mutual fund sales, product management and strategy. He joined Manulife in 2007 and has worked in our group savings, affinity, and banking businesses. Before joining the Retail Markets management team in 2013, Rizwan led Manulife Bank\'s advertising, strategic planning, communications and product development activities as the VP of Product and Marketing. Rizwan is a family man and spends his off time trying to wrangle his four young children. He has a recently developed passion for skiing, enjoys hiking and once dreamt of making the NBA. When that didn’t pan out, he earned a Master’s Degree in Business Administration (Financial Services) from Dalhousie University. He also has a Bachelor of Commerce (Management Economics) from the University of Guelph and is a Chartered Financial Analyst (CFA).",,,,"Not Accepted",no
1,Shane,,Watson,watson.shane218@gmail.com,"internation cyber ","Project Manager",3,2,5,"Rizwan heads up the insurance business in Retail Markets and is responsible for leading our efforts to modernize the insurance industry in Canada. He oversees our pricing, product, underwriting, sales and project teams. His management team is committed to ensuring Manulife is the #1 choice in the advisor market through:Leading the modernization of Insurance in Canada,Finding new ways to engage Canadians through health and wellness programs like VitalityImproving the buying-selling process for customers and advisors Rizwan started his career at one of Canada’s largest banks which included roles in mutual fund sales, product management and strategy. He joined Manulife in 2007 and has worked in our group savings, affinity, and banking businesses. Before joining the Retail Markets management team in 2013, Rizwan led Manulife Bank\'s advertising, strategic planning, communications and product development activities as the VP of Product and Marketing. Rizwan is a family man and spends his off time trying to wrangle his four young children. He has a recently developed passion for skiing, enjoys hiking and once dreamt of making the NBA. When that didn’t pan out, he earned a Master’s Degree in Business Administration (Financial Services) from Dalhousie University. He also has a Bachelor of Commerce (Management Economics) from the University of Guelph and is a Chartered Financial Analyst (CFA).",,user.png,,Accepted,no
