ID,"First Name","Middle Name","Last Name",Emailid,Company,"Job Title","Yes Vote","No Vote","Total Vote",Description,"Work Experience","Profile Image","Nominated By","User Status","Review Status","Nominated date","Expiry Date","Total Nominated Users"
62,Yogi,,Singh,yogendra3rde@gmail.com,ThirdEssential,"Web Developer",2,,2,,,1512565991nmu-bpfull.jpg,"Yogendra Solanki",accept,"Not Reviewed",06-12-2017,04-01-2018,19
61,Yogendra,,Solanki,yogendra.solanki@venlogic.com,ThirdEssential,"Web Developer",1,,1,"Listed below are the members who nominated and endorsed you."," (1.) 3+ years experiance in PHP.  (2.) 2+ years experiance in wordpress. ",1512559094nmu-bpfull.jpg,"el3 el3",accept,"Not Reviewed",06-12-2017,04-01-2018,19
60,Mahesh,Test,User,awadesh3rde@gmail.com,ThirdEssential,"Back End Expert",1,,1,"Mahesh Kumar"," (1.) 7 years experience as a Back End Developer. ",,"Alice Vaidyan","Not Reviewed","Not Reviewed",13-12-2017,11-01-2018,19
48,"Test First","Test Middle","Test Last",testmail@test.com,TestCompany,TestJobProfile,1,,1,"This is TEST BIO for the nominate New Member in IIS [International Insurance Society]."," (1.) 1st Year Lorem Ipsum Company.  (2.) 2nd Year Lorem Ipsum Company.  (3.) 3rd Year Lorem Ipsum Company.  (4.) 4th Year Lorem Ipsum Company.  (5.) 5th Year Lorem Ipsum Company.  (6.) 6th Year Lorem Ipsum Company.  (7.) 7th Year Lorem Ipsum Company.  (8.) 8th Year Lorem Ipsum Company. ",1510750457nmu-bpfull.jpg,"el3 el3",accept,"Not Reviewed",06-12-2017,04-01-2018,19
47,test16,,test16,test16@test16.test16,fasf,fsaf,1,,1,fasfasfsaf,,1510392263nmu-bpfull.jpg,"el3 el3",declined,"Not Reviewed",13-11-2017,12-12-2017,19
46,fdsf,fsd,fsdf,cvxc@dffsd.com,dasd,das,1,,1,das,,1510387220nmu-bpfull.jpg,"el3 el3",in_review,"Not Reviewed",07-12-2017,05-01-2018,19
45,test@14,,test@14,test14@test14.test14,dasd,ddas,1,,1,gfdg,,1510386782nmu-bpfull.jpg,"el3 el3","Not Reviewed","Not Reviewed",11-11-2017,10-12-2017,19
35,Demo,,user,demonuser12@gmail.com,"abc crop",ceo,0,1,1,"lorem ipsum lorem ipsum lorem ipsum lorem ipsum lorem ipsum lorem ipsum lorem ipsum lorem ipsum lorem ipsum lorem ipsum lorem ipsum lorem ipsum lorem ipsum lorem ipsum lorem ipsum lorem ipsum"," (1.) 2 year experience at abc.  (2.) 4 year experience at xyz. ",,"el3 el3","Not Reviewed","Not Reviewed",05-12-2017,03-01-2018,19
34,Lorem,Ipsum,Content,test@test.com,"Dummy Data",JobProfile,1,,1,"Hi, I am adding here some dummy content for the Nominate New Member"," (1.) 10 Years. ",,"el3 el3","Not Reviewed","Not Reviewed",10-11-2017,09-12-2017,19
32,Praveen,,Rathore,praveen.rathore@venlogic.com,"Third Essential IT Solution","Web Developer",3,,3,"Listed below are the members who nominated and endorsed you.Listed below are the members who nominated and endorsed you.Listed below are the members who nominated and endorsed you.Listed below are the members who nominated and endorsed you.Listed below are the members who nominated and endorsed you."," (1.) 2 years experinace of as a web developer in ABC technology.  (2.) 3 years experinace of as a web developer in Third Essential Technology. ",,"el3 el3",accept,"Not Reviewed",05-12-2017,03-01-2018,19
31,demo13,singh,test,demo13@test.com,"IIS 2",CEO,1,,1,good," (1.) 5 years experience in research.  (2.) 5 years experience in marketing. ",,"Alex Lucas",accept,"Not Reviewed",10-10-2017,08-11-2017,19
30,demo12,singh,test,demo12@test.com,"IIS 2",CEO,1,,1,good," (1.) 5 years experience in research.  (2.) 2 years experience in marketing.  (3.) 3+ years experience in HR.  (4.) Experinace 4.  (5.) trvcvsf f sdfsbs ffsafasf fasfsafasfa iui.  (6.) rfer vdgs bbfcvfgncnc b vbchgdfs fdss dfs sg. ",,"Alex Lucas",accept,"Not Reviewed",10-10-2017,08-11-2017,19
29,demo11,singh,test,demo11@test.com,"IIS 2",CEO,1,1,2,good," (1.) 5 years experience in research.  (2.) 2 years experience in marketing.  (3.) 3+ years experience in HR.  (4.) Experinace 4.  (5.) trvcvsf f sdfsbs ffsafasf fasfsafasfa iui.  (6.) rfer vdgs bbfcvfgncnc b vbchgdfs fdss dfs sg. ",,"Alex Lucas","Not Reviewed","Not Reviewed",27-11-2017,26-12-2017,19
28,demo10,singh,test,demo10@test.com,test,test,2,,2,good,,,"Alex Lucas","Not Reviewed","Not Reviewed",28-11-2017,27-12-2017,19
27,test09,,brown,test09@test.com,LG,"Area Manager",1,,1,"Good person",,,"el3 el3","Not Reviewed","Not Reviewed",07-10-2017,05-11-2017,19
26,Test08,signh,test0888,test08@test.com,"Test08 company","Test08 job title",,1,1,"Test08 is the great team leader.",,,"Alex Lucas",accept,"Not Reviewed",09-10-2017,07-11-2017,19
23,test07,singh,test,test07@test.com,"Test company","Test Job title",1,,1,"test07 is a good person.",,,"Alex Lucas","Not Reviewed","Not Reviewed",24-11-2017,23-12-2017,19
22,nomineefirst,nomineemiddle,nomineesecond,piyush.marothi@venlogic.com,"test company","test job title",yes,,0,"test bio",,,"Alex Lucas",accept,Reviewed,06-10-2017,04-11-2017,19
21,Rock,,singh,rock@test.com,"Media expert frame","Media Expers",yes,,0,"Rock is a very good person",,,"maheshkumar ",accept,"Not Reviewed",10-11-2017,09-12-2017,19
